{"cinema": {"cinema_id": 8941, "cinema_name": "Vue Cinemas - Reading", "showings": [{"film_id": 227902, "film_name": "The Predator", "times": [{"start_time": "14:30", "date": "2018-09-14"}, {"start_time": "15:45", "date": "2018-09-15"}]}, {"film_id": 123456, "film_name": "Avengers", "times": [{"start_time": "17:05", "date": "2018-09-15"}, {"start_time": "19:25", "date": "2018-09-16"}, {"start_time": "18:00", "date": "2018-09-17"}, {"start_time": "21:05", "date": "2018-09-17"}, {"start_time": "10:05", "date": "2018-09-18"}]}]}}
